{"cameraMode":{"drawMode":0,"name":"Shaded","section":"Shading Mode"},"sceneLighting":false,"audioPlay":false,"sceneViewState":{"m_AlwaysRefresh":false,"showFog":true,"showSkybox":false,"showFlares":true,"showImageEffects":true,"showParticleSystems":true,"showVisualEffectGraphs":true,"m_FxEnabled":true},"in2DMode":false,"pivot":{"x":-0.41999995708465578,"y":2.759999990463257,"z":7.150000095367432},"rotation":{"x":-0.03237677738070488,"y":0.1939792037010193,"z":-0.006412990391254425,"w":-0.9805110096931458},"size":0.8660253882408142,"orthographic":false}