{"cameraMode":{"drawMode":0,"name":"Shaded","section":"Shading Mode"},"sceneLighting":false,"audioPlay":false,"sceneViewState":{"m_AlwaysRefresh":false,"showFog":true,"showSkybox":false,"showFlares":true,"showImageEffects":true,"showParticleSystems":true,"showVisualEffectGraphs":true,"m_FxEnabled":true},"in2DMode":false,"pivot":{"x":-0.42109763622283938,"y":1.0451799631118775,"z":0.800258457660675},"rotation":{"x":0.027595171704888345,"y":-0.9645482301712036,"z":0.11221682280302048,"w":0.23756790161132813},"size":1.0133813619613648,"orthographic":false}